year,state,crop,yield_t_ha,prediction,residual_actual_minus_pred,absolute_error,absolute_pct_error
2023,Gujarat,Cotton,1.835,1.7419505281358152,0.09304947186418477,0.09304947186418477,5.070815905405165
2023,Gujarat,Soybean,1.822,1.9569955732840936,-0.1349955732840935,0.1349955732840935,7.409197216470555
2023,Gujarat,Wheat,3.091,3.229251071517486,-0.1382510715174856,0.1382510715174856,4.47269723447058
2023,Madhya Pradesh,Cotton,2.351,2.217616853253657,0.13338314674634288,0.13338314674634288,5.673464344804036
2023,Madhya Pradesh,Soybean,2.286,2.2641175453935953,0.0218824546064047,0.0218824546064047,0.9572377343134165
2023,Madhya Pradesh,Wheat,3.811,3.5834668212128955,0.22753317878710444,0.22753317878710444,5.970432400606257
2023,Maharashtra,Cotton,2.212,2.09502482886739,0.11697517113261036,0.11697517113261036,5.288208459882927
2023,Maharashtra,Soybean,2.302,2.4325758201319325,-0.13057582013193247,0.13057582013193247,5.672277156035294
2023,Maharashtra,Wheat,3.87,3.9041562381619794,-0.034156238161979324,0.034156238161979324,0.8825901333844786
2023,Punjab,Cotton,2.197,2.131052771788691,0.06594722821130894,0.06594722821130894,3.001694502107826
2023,Punjab,Soybean,2.136,2.2067024427605935,-0.07070244276059334,0.07070244276059334,3.3100394550839582
2023,Punjab,Wheat,3.253,3.6021394737415147,-0.34913947374151455,0.34913947374151455,10.732845795927282
2024,Gujarat,Cotton,1.625,1.6283866002489034,-0.0033866002489033598,0.0033866002489033598,0.2084061691632837
2024,Gujarat,Soybean,1.819,1.9239561655021382,-0.10495616550213827,0.10495616550213827,5.76999260594493
2024,Gujarat,Wheat,3.25,3.2410529198445412,0.008947080155458753,0.008947080155458753,0.2752947740141155
2024,Madhya Pradesh,Cotton,2.284,2.268758526291955,0.01524147370804485,0.01524147370804485,0.6673149609476731
2024,Madhya Pradesh,Soybean,2.448,2.384464847026513,0.06353515297348711,0.06353515297348711,2.595390235845062
2024,Madhya Pradesh,Wheat,4.157,3.8751523479152414,0.2818476520847586,0.2818476520847586,6.7800734203694635
2024,Maharashtra,Cotton,1.807,1.7971999162812544,0.009800083718745523,0.009800083718745523,0.5423399955033494
2024,Maharashtra,Soybean,2.582,2.4240413062560915,0.15795869374390836,0.15795869374390836,6.117687596588241
2024,Maharashtra,Wheat,3.787,3.7560697653426707,0.030930234657329247,0.030930234657329247,0.8167476804153485
2024,Punjab,Cotton,1.827,1.9747302960637838,-0.14773029606378385,0.14773029606378385,8.085949428778536
2024,Punjab,Soybean,2.104,2.2353769071120935,-0.13137690711209338,0.13137690711209338,6.244149577570978
2024,Punjab,Wheat,3.635,3.7120827164711097,-0.07708271647110987,0.07708271647110987,2.1205699166742744
2025,Gujarat,Cotton,1.732,1.7063117291426686,0.025688270857331386,0.025688270857331386,1.4831565160122047
2025,Gujarat,Soybean,2.418,2.0815869291644598,0.3364130708355404,0.3364130708355404,13.91286479882301
2025,Gujarat,Wheat,3.377,3.544980900546756,-0.1679809005467563,0.1679809005467563,4.974264155959618
2025,Madhya Pradesh,Cotton,2.254,2.2993470733375077,-0.04534707333750765,0.04534707333750765,2.01184886146884
2025,Madhya Pradesh,Soybean,2.506,2.5227591224898935,-0.016759122489893752,0.016759122489893752,0.6687598758936055
2025,Madhya Pradesh,Wheat,4.127,3.9613943799560314,0.1656056200439684,0.1656056200439684,4.012736129003354
2025,Maharashtra,Cotton,2.205,2.217186620087236,-0.012186620087236033,0.012186620087236033,0.5526811830946047
2025,Maharashtra,Soybean,2.36,2.342671048017276,0.017328951982723773,0.017328951982723773,0.7342776263866005
2025,Maharashtra,Wheat,3.29,3.603851473717447,-0.31385147371744715,0.31385147371744715,9.539558471654928
2025,Punjab,Cotton,2.285,2.0738491359316624,0.21115086406833772,0.21115086406833772,9.240738033625282
2025,Punjab,Soybean,2.302,2.3775360937676457,-0.0755360937676457,0.0755360937676457,3.2813246641027667
2025,Punjab,Wheat,3.965,3.849977199304305,0.11502280069569482,0.11502280069569482,2.900953359286124
