year,state,crop,annual_rainfall_mm,avg_temp_c,soil_n_mgkg,soil_ph,irrigation_index,area_ha,yield_t_ha,rainfall_deviation_mm,temp_stress_index,rainfall_irrigation_interaction,soil_n_ph_interaction,previous_yield_t_ha,year_index
2012,Gujarat,Cotton,570.6,26.07,77.1,7.45,0.785,122.3,1.548,-27.171428571428574,2.0700000000000003,447.9210000000001,574.395,1.781,0
2012,Gujarat,Soybean,512.2,26.65,103.8,7.48,0.83,107.5,1.547,-85.57142857142856,2.6499999999999986,425.126,776.424,1.911,0
2012,Gujarat,Wheat,613.5,27.23,92.7,7.89,0.577,123.8,2.712,15.7285714285714,3.2300000000000004,353.9895,731.403,3.091,0
2012,Madhya Pradesh,Cotton,770.6,24.17,81.3,6.37,0.694,117.2,1.909,-77.04761904761892,0.1700000000000017,534.7964,517.881,2.096,0
2012,Madhya Pradesh,Soybean,835.3,24.05,85.6,6.56,0.688,96.9,2.063,-12.347619047618991,0.0500000000000007,574.6863999999999,561.536,2.167,0
2012,Madhya Pradesh,Wheat,811.0,23.77,92.2,7.16,0.679,110.6,3.656,-36.64761904761895,0.2300000000000004,550.669,660.152,3.809,0
2012,Maharashtra,Cotton,667.9,25.05,82.9,6.88,0.656,102.1,1.922,-141.9761904761906,1.0500000000000007,438.1424,570.352,1.895,0
2012,Maharashtra,Soybean,812.3,25.39,96.2,7.18,0.704,103.4,2.171,2.423809523809382,1.3900000000000006,571.8592,690.716,2.144,0
2012,Maharashtra,Wheat,829.9,25.12,95.3,6.68,0.687,119.7,3.353,20.023809523809405,1.120000000000001,570.1413,636.6039999999999,3.575,0
2012,Punjab,Cotton,555.5,22.25,107.7,7.44,0.866,110.7,1.631,-50.50476190476195,1.75,481.063,801.288,1.967,0
2012,Punjab,Soybean,602.5,22.26,93.2,7.02,0.868,112.4,1.896,-3.504761904761949,1.7399999999999984,522.97,654.264,2.092,0
2012,Punjab,Wheat,495.4,22.76,101.9,7.03,0.943,125.2,3.177,-110.60476190476196,1.2399999999999984,467.1621999999999,716.3570000000001,3.416,0
2013,Gujarat,Cotton,671.9,26.97,86.4,7.74,0.789,118.9,1.838,74.12857142857138,2.969999999999999,530.1291,668.7360000000001,1.548,1
2013,Gujarat,Soybean,534.9,26.46,95.4,7.56,0.784,101.3,1.68,-62.87142857142862,2.460000000000001,419.3616,721.224,1.547,1
2013,Gujarat,Wheat,639.8,25.47,107.9,7.62,0.677,123.8,3.274,42.02857142857136,1.4699999999999989,433.1446,822.1980000000001,2.712,1
2013,Madhya Pradesh,Cotton,929.6,24.67,96.6,7.05,0.582,117.2,2.096,81.95238095238108,0.6700000000000017,541.0272,681.03,1.909,1
2013,Madhya Pradesh,Soybean,907.0,25.55,98.4,6.76,0.675,92.6,2.01,59.352380952381054,1.5500000000000007,612.225,665.184,2.063,1
2013,Madhya Pradesh,Wheat,884.6,26.01,95.5,6.78,0.678,111.0,3.53,36.95238095238108,2.0100000000000016,599.7588000000001,647.49,3.656,1
2013,Maharashtra,Cotton,811.1,25.35,79.7,6.69,0.696,107.5,1.85,1.2238095238094502,1.3500000000000014,564.5255999999999,533.1930000000001,1.922,1
2013,Maharashtra,Soybean,758.2,25.14,98.3,6.88,0.683,109.6,2.044,-51.67619047619053,1.1400000000000006,517.8506000000001,676.304,2.171,1
2013,Maharashtra,Wheat,873.7,24.98,88.4,6.7,0.618,121.3,3.511,63.82380952380947,0.9800000000000004,539.9466,592.2800000000001,3.353,1
2013,Punjab,Cotton,655.5,23.59,92.1,7.25,0.918,118.6,1.833,49.49523809523805,0.4100000000000001,601.749,667.7249999999999,1.631,1
2013,Punjab,Soybean,576.3,22.09,105.8,7.07,0.791,106.5,1.73,-29.704761904761995,1.91,455.8533,748.006,1.896,1
2013,Punjab,Wheat,671.5,21.8,117.4,7.0,0.877,124.9,3.399,65.49523809523805,2.1999999999999997,588.9055,821.8000000000001,3.177,1
2014,Gujarat,Cotton,623.5,25.7,87.8,7.94,0.788,105.4,1.874,25.7285714285714,1.6999999999999993,491.318,697.1320000000001,1.838,2
2014,Gujarat,Soybean,659.3,26.12,87.8,8.04,0.804,92.9,1.911,61.52857142857136,2.120000000000001,530.0772,705.9119999999999,1.68,2
2014,Gujarat,Wheat,602.2,26.76,86.7,7.47,0.795,126.4,2.87,4.428571428571445,2.7600000000000016,478.7490000000001,647.649,3.274,2
2014,Madhya Pradesh,Cotton,973.7,22.98,89.5,6.83,0.716,117.8,2.299,126.0523809523811,1.0199999999999996,697.1692,611.285,2.096,2
2014,Madhya Pradesh,Soybean,806.8,23.72,103.9,6.75,0.593,108.3,2.133,-40.84761904761899,0.2800000000000011,478.4324,701.325,2.01,2
2014,Madhya Pradesh,Wheat,847.8,24.2,97.5,6.41,0.705,124.3,3.824,0.1523809523810086,0.1999999999999993,597.699,624.975,3.53,2
2014,Maharashtra,Cotton,765.6,25.97,89.2,6.98,0.753,113.7,1.786,-44.27619047619055,1.9699999999999989,576.4968,622.6160000000001,1.85,2
2014,Maharashtra,Soybean,819.3,24.98,83.9,6.6,0.715,109.5,2.078,9.423809523809382,0.9800000000000004,585.7995,553.74,2.044,2
2014,Maharashtra,Wheat,889.0,25.59,102.6,6.73,0.91,124.7,3.7,79.12380952380943,1.59,808.99,690.498,3.511,2
2014,Punjab,Cotton,634.6,23.45,105.5,6.93,0.85,119.0,1.891,28.595238095238077,0.5500000000000007,539.41,731.115,1.833,2
2014,Punjab,Soybean,702.3,23.49,112.6,7.36,0.878,112.4,2.131,96.295238095238,0.5100000000000016,616.6193999999999,828.736,1.73,2
2014,Punjab,Wheat,649.8,22.19,105.7,7.78,0.769,125.2,3.269,43.795238095238005,1.8099999999999987,499.6962,822.346,3.399,2
2015,Gujarat,Cotton,699.3,26.11,85.8,7.52,0.713,122.2,1.781,101.52857142857135,2.1099999999999994,498.6009,645.2159999999999,1.874,3
2015,Gujarat,Soybean,659.9,26.67,90.5,7.58,0.751,108.8,1.881,62.12857142857138,2.6700000000000017,495.5849,685.99,1.911,3
2015,Gujarat,Wheat,605.3,27.79,85.0,7.2,0.841,127.1,2.763,7.528571428571354,3.789999999999999,509.0573,612.0,2.87,3
2015,Madhya Pradesh,Cotton,956.7,24.34,92.0,6.65,0.645,111.2,2.032,109.0523809523811,0.3399999999999998,617.0715,611.8000000000001,2.299,3
2015,Madhya Pradesh,Soybean,919.2,23.33,100.7,6.75,0.638,108.6,2.072,71.5523809523811,0.6700000000000017,586.4496,679.725,2.133,3
2015,Madhya Pradesh,Wheat,925.9,24.65,109.7,6.39,0.829,107.9,3.887,78.25238095238103,0.6499999999999986,767.5710999999999,700.983,3.824,3
2015,Maharashtra,Cotton,954.6,24.48,87.5,6.83,0.821,105.3,2.127,144.72380952380945,0.4800000000000004,783.7266,597.625,1.786,3
2015,Maharashtra,Soybean,986.4,26.45,78.8,6.68,0.809,103.2,1.933,176.5238095238094,2.4499999999999997,797.9976,526.384,2.078,3
2015,Maharashtra,Wheat,898.9,24.88,90.5,5.99,0.648,119.8,3.472,89.0238095238094,0.879999999999999,582.4872,542.095,3.7,3
2015,Punjab,Cotton,714.1,22.46,103.3,7.47,0.958,121.1,2.179,108.09523809523807,1.5399999999999991,684.1078,771.651,1.891,3
2015,Punjab,Soybean,701.7,22.07,112.2,7.28,0.957,112.6,2.072,95.6952380952381,1.93,671.5269000000001,816.816,2.131,3
2015,Punjab,Wheat,642.1,23.22,109.9,7.19,0.908,130.5,3.682,36.09523809523808,0.7800000000000011,583.0268000000001,790.181,3.269,3
2016,Gujarat,Cotton,740.9,26.43,87.0,7.89,0.768,124.7,1.836,143.12857142857138,2.43,569.0112,686.43,1.781,4
2016,Gujarat,Soybean,738.3,24.88,88.2,7.5,0.763,106.0,2.174,140.52857142857135,0.879999999999999,563.3229,661.5,1.881,4
2016,Gujarat,Wheat,588.5,26.05,94.0,7.63,0.81,114.8,3.094,-9.2714285714286,2.0500000000000007,476.68500000000006,717.22,2.763,4
2016,Madhya Pradesh,Cotton,950.2,25.32,104.7,7.24,0.626,122.6,1.978,102.5523809523811,1.3200000000000005,594.8252,758.028,2.032,4
2016,Madhya Pradesh,Soybean,899.1,24.42,90.4,6.83,0.787,108.4,2.226,51.45238095238108,0.4200000000000017,707.5917000000001,617.432,2.072,4
2016,Madhya Pradesh,Wheat,962.7,23.84,98.8,6.7,0.687,117.3,3.713,115.0523809523811,0.1600000000000001,661.3749000000001,661.96,3.887,4
2016,Maharashtra,Cotton,868.1,26.84,97.9,6.76,0.719,109.5,1.81,58.22380952380945,2.84,624.1639,661.804,2.127,4
2016,Maharashtra,Soybean,794.2,25.4,94.3,6.66,0.662,110.9,2.102,-15.676190476190529,1.3999999999999986,525.7604,628.038,1.933,4
2016,Maharashtra,Wheat,814.9,25.28,92.9,6.44,0.621,117.7,3.562,5.023809523809405,1.2800000000000011,506.0529,598.2760000000001,3.472,4
2016,Punjab,Cotton,592.1,24.13,114.4,7.08,0.78,126.0,1.934,-13.904761904761926,0.129999999999999,461.838,809.952,2.179,4
2016,Punjab,Soybean,820.2,22.01,98.3,7.05,0.751,105.5,2.006,214.1952380952381,1.9899999999999984,615.9702000000001,693.015,2.072,4
2016,Punjab,Wheat,626.0,22.93,120.0,7.44,0.86,116.4,3.928,19.99523809523805,1.0700000000000005,538.36,892.8000000000001,3.682,4
2017,Gujarat,Cotton,631.1,25.5,81.9,7.73,0.894,107.8,1.941,33.32857142857142,1.5,564.2034,633.0870000000001,1.836,5
2017,Gujarat,Soybean,656.7,25.59,81.6,7.34,0.684,122.1,2.025,58.928571428571445,1.59,449.1828,598.944,2.174,5
2017,Gujarat,Wheat,642.9,27.38,93.6,7.28,0.867,127.7,2.956,45.12857142857138,3.379999999999999,557.3942999999999,681.408,3.094,5
2017,Madhya Pradesh,Cotton,851.9,24.11,88.7,6.56,0.596,131.4,1.986,4.252380952381031,0.1099999999999994,507.7324,581.872,1.978,5
2017,Madhya Pradesh,Soybean,901.3,22.55,96.3,6.37,0.727,112.8,2.047,53.65238095238101,1.4499999999999993,655.2451,613.431,2.226,5
2017,Madhya Pradesh,Wheat,870.1,23.35,96.5,6.94,0.611,127.4,3.654,22.45238095238108,0.6499999999999986,531.6311,669.71,3.713,5
2017,Maharashtra,Cotton,931.1,25.76,104.0,6.45,0.601,117.2,1.97,121.22380952380944,1.7600000000000016,559.5911,670.8000000000001,1.81,5
2017,Maharashtra,Soybean,967.4,27.1,89.0,7.04,0.765,119.8,1.754,157.5238095238094,3.1000000000000014,740.061,626.5600000000001,2.102,5
2017,Maharashtra,Wheat,878.0,26.55,76.9,6.5,0.577,122.0,3.28,68.12380952380943,2.5500000000000007,506.606,499.85,3.562,5
2017,Punjab,Cotton,700.9,22.95,129.6,7.48,0.891,110.9,2.03,94.89523809523804,1.0500000000000007,624.5019,969.408,1.934,5
2017,Punjab,Soybean,618.0,22.87,104.1,7.14,0.943,115.6,2.086,11.99523809523805,1.129999999999999,582.774,743.2739999999999,2.006,5
2017,Punjab,Wheat,626.0,22.48,86.6,6.82,0.996,135.4,3.556,19.99523809523805,1.5199999999999996,623.496,590.612,3.928,5
2018,Gujarat,Cotton,591.2,26.75,111.2,7.55,0.777,115.5,1.659,-6.571428571428555,2.75,459.3624,839.56,1.941,6
2018,Gujarat,Soybean,552.7,24.74,90.2,7.5,0.877,113.6,1.956,-45.07142857142856,0.7399999999999984,484.7179,676.5,2.025,6
2018,Gujarat,Wheat,672.1,24.47,94.9,7.69,0.656,133.1,3.641,74.32857142857142,0.4699999999999988,440.8976,729.7810000000001,2.956,6
2018,Madhya Pradesh,Cotton,840.7,24.91,88.0,6.83,0.781,101.4,1.984,-6.9476190476189,0.91,656.5867000000001,601.04,1.986,6
2018,Madhya Pradesh,Soybean,760.9,22.94,97.4,6.76,0.617,115.8,1.962,-86.74761904761897,1.0599999999999987,469.4753,658.424,2.047,6
2018,Madhya Pradesh,Wheat,873.9,23.27,91.8,6.71,0.62,122.4,3.809,26.25238095238103,0.7300000000000004,541.818,615.978,3.654,6
2018,Maharashtra,Cotton,814.6,26.34,77.6,6.94,0.674,122.7,1.751,4.72380952380945,2.34,549.0404000000001,538.544,1.97,6
2018,Maharashtra,Soybean,765.9,25.35,86.3,6.58,0.723,105.5,2.144,-43.9761904761906,1.3500000000000014,553.7456999999999,567.854,1.754,6
2018,Maharashtra,Wheat,804.9,25.55,83.7,6.66,0.773,128.6,3.575,-4.976190476190595,1.5500000000000007,622.1877,557.442,3.28,6
2018,Punjab,Cotton,657.0,24.4,112.0,7.12,0.984,115.9,1.96,50.99523809523805,0.3999999999999986,646.4879999999999,797.44,2.03,6
2018,Punjab,Soybean,675.7,22.58,108.0,7.05,0.906,110.2,2.336,69.6952380952381,1.4200000000000017,612.1842,761.4,2.086,6
2018,Punjab,Wheat,654.7,23.01,101.7,7.08,0.87,127.8,3.723,48.695238095238096,0.9899999999999984,569.589,720.0360000000001,3.556,6
2019,Gujarat,Cotton,594.1,26.08,105.0,6.84,0.836,128.6,1.657,-3.671428571428578,2.0799999999999983,496.6676,718.1999999999999,1.659,7
2019,Gujarat,Soybean,660.4,26.06,84.1,8.14,0.764,112.4,1.979,62.62857142857138,2.0599999999999987,504.5456,684.574,1.956,7
2019,Gujarat,Wheat,600.1,26.16,88.4,7.36,0.758,122.5,3.198,2.328571428571422,2.16,454.8758,650.624,3.641,7
2019,Madhya Pradesh,Cotton,934.6,25.55,92.9,6.45,0.671,120.2,2.087,86.95238095238108,1.5500000000000007,627.1166000000001,599.205,1.984,7
2019,Madhya Pradesh,Soybean,944.4,24.8,96.6,6.77,0.601,129.5,2.167,96.75238095238105,0.8000000000000007,567.5844,653.982,1.962,7
2019,Madhya Pradesh,Wheat,854.3,24.86,100.8,6.76,0.625,129.6,3.995,6.652380952381009,0.8599999999999994,533.9375,681.408,3.809,7
2019,Maharashtra,Cotton,833.7,26.86,94.3,7.27,0.666,111.1,1.643,23.823809523809476,2.8599999999999994,555.2442000000001,685.5609999999999,1.751,7
2019,Maharashtra,Soybean,831.2,25.1,91.6,6.68,0.754,114.7,2.327,21.323809523809476,1.1000000000000014,626.7248000000001,611.8879999999999,2.144,7
2019,Maharashtra,Wheat,744.0,25.56,83.2,6.69,0.746,131.6,3.534,-65.87619047619057,1.5599999999999987,555.024,556.6080000000001,3.575,7
2019,Punjab,Cotton,591.2,22.56,83.4,7.19,0.884,124.7,2.051,-14.804761904761904,1.4400000000000013,522.6208,599.6460000000001,1.96,7
2019,Punjab,Soybean,497.2,24.0,103.7,7.14,0.829,100.8,2.004,-108.80476190476196,0.0,412.1788,740.418,2.336,7
2019,Punjab,Wheat,612.0,21.75,94.6,7.12,1.0,124.4,3.365,5.995238095238051,2.25,612.0,673.552,3.723,7
2020,Gujarat,Cotton,465.3,25.58,82.2,7.26,0.834,114.3,1.858,-132.4714285714286,1.5799999999999983,388.0602,596.772,1.657,8
2020,Gujarat,Soybean,587.5,26.52,100.9,7.92,0.831,100.5,1.8,-10.2714285714286,2.52,488.2125,799.128,1.979,8
2020,Gujarat,Wheat,516.1,26.34,97.1,7.32,0.773,122.2,2.996,-81.67142857142858,2.34,398.9453,710.7719999999999,3.198,8
2020,Madhya Pradesh,Cotton,930.8,22.65,110.6,6.75,0.673,117.1,2.127,83.15238095238101,1.3500000000000014,626.4284,746.55,2.087,8
2020,Madhya Pradesh,Soybean,856.8,24.79,94.5,6.78,0.592,119.9,2.176,9.152380952381009,0.7899999999999991,507.22559999999993,640.71,2.167,8
2020,Madhya Pradesh,Wheat,782.8,25.16,91.4,6.35,0.571,131.7,3.534,-64.84761904761899,1.16,446.9787999999999,580.39,3.995,8
2020,Maharashtra,Cotton,731.1,25.52,96.7,6.91,0.695,129.1,1.895,-78.77619047619055,1.5199999999999996,508.1145,668.197,1.643,8
2020,Maharashtra,Soybean,724.5,25.52,79.7,6.61,0.642,125.7,2.146,-85.37619047619057,1.5199999999999996,465.129,526.817,2.327,8
2020,Maharashtra,Wheat,829.4,26.4,82.0,6.67,0.754,118.9,3.599,19.523809523809405,2.3999999999999986,625.3676,546.9399999999999,3.534,8
2020,Punjab,Cotton,541.7,22.2,106.6,6.96,0.929,109.0,1.967,-64.3047619047619,1.8000000000000007,503.23930000000007,741.9359999999999,2.051,8
2020,Punjab,Soybean,574.3,23.7,105.9,7.24,0.875,113.0,2.177,-31.704761904761995,0.3000000000000007,502.51249999999993,766.716,2.004,8
2020,Punjab,Wheat,465.6,21.74,110.9,7.24,0.887,127.6,3.069,-140.40476190476193,2.2600000000000016,412.9872,802.916,3.365,8
2021,Gujarat,Cotton,483.2,26.33,94.9,7.89,0.69,129.0,1.539,-114.5714285714286,2.3299999999999983,333.408,748.761,1.858,9
2021,Gujarat,Soybean,602.3,25.95,104.3,8.07,0.735,111.3,2.171,4.528571428571354,1.9499999999999995,442.6905,841.701,1.8,9
2021,Gujarat,Wheat,635.8,25.94,89.6,7.43,0.666,122.2,3.304,38.02857142857136,1.9400000000000013,423.4428,665.728,2.996,9
2021,Madhya Pradesh,Cotton,806.6,24.58,86.8,6.43,0.754,121.8,2.179,-41.04761904761892,0.5799999999999983,608.1764000000001,558.1239999999999,2.127,9
2021,Madhya Pradesh,Soybean,777.0,24.3,102.0,6.74,0.587,117.1,2.31,-70.64761904761895,0.3000000000000007,456.099,687.48,2.176,9
2021,Madhya Pradesh,Wheat,829.5,25.22,103.7,6.81,0.675,117.0,3.944,-18.147619047618942,1.2199999999999989,559.9125,706.197,3.534,9
2021,Maharashtra,Cotton,769.1,25.41,96.1,7.04,0.764,111.1,2.014,-40.77619047619055,1.41,587.5924,676.544,1.895,9
2021,Maharashtra,Soybean,755.2,26.01,84.1,6.98,0.68,115.3,2.335,-54.67619047619053,2.0100000000000016,513.5360000000001,587.018,2.146,9
2021,Maharashtra,Wheat,716.8,26.78,85.4,6.79,0.844,124.2,3.632,-93.07619047619062,2.780000000000001,604.9792,579.866,3.599,9
2021,Punjab,Cotton,647.1,23.02,113.3,6.83,0.919,128.3,2.163,41.09523809523808,0.9800000000000004,594.6849000000001,773.8389999999999,1.967,9
2021,Punjab,Soybean,554.9,22.88,112.5,7.07,0.907,111.2,2.092,-51.10476190476197,1.120000000000001,503.2943,795.375,2.177,9
2021,Punjab,Wheat,533.0,23.04,101.2,7.51,0.837,127.3,3.416,-73.00476190476195,0.9600000000000009,446.121,760.012,3.069,9
2022,Gujarat,Cotton,533.1,26.04,94.6,7.77,0.688,124.1,1.638,-64.67142857142858,2.039999999999999,366.7728,735.0419999999999,1.539,10
2022,Gujarat,Soybean,604.1,26.55,93.4,7.16,0.812,120.0,2.173,6.328571428571422,2.5500000000000007,490.52920000000006,668.744,2.171,10
2022,Gujarat,Wheat,501.0,26.58,95.0,7.89,0.753,131.8,3.032,-96.7714285714286,2.5799999999999983,377.253,749.55,3.304,10
2022,Madhya Pradesh,Cotton,897.6,23.99,98.8,6.7,0.763,140.9,2.142,49.95238095238108,0.0100000000000015,684.8688000000001,661.96,2.179,10
2022,Madhya Pradesh,Soybean,682.4,25.64,111.4,6.55,0.653,117.5,2.219,-165.24761904761897,1.6400000000000006,445.6072,729.6700000000001,2.31,10
2022,Madhya Pradesh,Wheat,823.8,26.01,95.6,6.5,0.583,124.7,3.635,-23.84761904761899,2.0100000000000016,480.27539999999993,621.4,3.944,10
2022,Maharashtra,Cotton,803.3,25.44,84.3,6.92,0.681,127.6,2.046,-6.576190476190618,1.4400000000000013,547.0473000000001,583.356,2.014,10
2022,Maharashtra,Soybean,707.8,26.44,82.0,6.9,0.732,118.9,2.048,-102.07619047619062,2.4400000000000013,518.1096,565.8000000000001,2.335,10
2022,Maharashtra,Wheat,870.6,25.39,86.8,6.64,0.681,125.3,3.906,60.72380952380945,1.3900000000000006,592.8786,576.352,3.632,10
2022,Punjab,Cotton,530.1,23.02,114.7,7.0,0.926,120.4,1.972,-75.90476190476193,0.9800000000000004,490.8726,802.9,2.163,10
2022,Punjab,Soybean,509.2,23.74,110.5,7.66,0.941,113.0,2.156,-96.80476190476196,0.2600000000000015,479.1572,846.4300000000001,2.092,10
2022,Punjab,Wheat,613.0,23.56,109.1,7.47,0.982,139.5,4.063,6.995238095238051,0.4400000000000013,601.966,814.977,3.416,10
2023,Gujarat,Cotton,583.0,26.49,87.8,7.67,0.788,130.6,1.835,-14.7714285714286,2.4899999999999984,459.404,673.4259999999999,1.638,11
2023,Gujarat,Soybean,579.9,26.26,93.2,7.55,0.617,114.8,1.822,-17.871428571428623,2.2600000000000016,357.7983,703.66,2.173,11
2023,Gujarat,Wheat,457.8,26.22,107.4,7.66,0.72,135.0,3.091,-139.9714285714286,2.219999999999999,329.616,822.6840000000001,3.032,11
2023,Madhya Pradesh,Cotton,812.0,24.95,107.6,6.75,0.73,123.7,2.351,-35.647619047618946,0.9499999999999992,592.76,726.3,2.142,11
2023,Madhya Pradesh,Soybean,713.3,23.22,91.5,6.69,0.697,114.9,2.286,-134.347619047619,0.7800000000000011,497.17009999999993,612.135,2.219,11
2023,Madhya Pradesh,Wheat,701.5,25.6,96.3,6.98,0.704,134.2,3.811,-146.14761904761895,1.6000000000000014,493.856,672.174,3.635,11
2023,Maharashtra,Cotton,728.7,25.49,80.8,7.02,0.766,123.6,2.212,-81.17619047619053,1.4899999999999984,558.1842,567.2159999999999,2.046,11
2023,Maharashtra,Soybean,790.6,24.72,86.5,6.89,0.83,116.1,2.302,-19.27619047619055,0.7199999999999989,656.198,595.985,2.048,11
2023,Maharashtra,Wheat,835.2,24.78,73.4,6.91,0.685,123.8,3.87,25.323809523809476,0.7800000000000011,572.1120000000001,507.1940000000001,3.906,11
2023,Punjab,Cotton,594.0,23.28,97.3,7.19,0.9,116.2,2.197,-12.00476190476195,0.7199999999999989,534.6,699.587,1.972,11
2023,Punjab,Soybean,498.9,24.38,104.7,6.84,0.909,111.8,2.136,-107.10476190476196,0.379999999999999,453.5001,716.148,2.156,11
2023,Punjab,Wheat,500.5,22.58,89.9,7.09,0.73,119.9,3.253,-105.50476190476196,1.4200000000000017,365.365,637.3910000000001,4.063,11
2024,Gujarat,Cotton,566.4,27.3,94.9,7.44,0.746,124.9,1.625,-31.371428571428623,3.3000000000000007,422.5344,706.056,1.835,12
2024,Gujarat,Soybean,569.4,26.54,82.7,7.75,0.725,106.7,1.819,-28.371428571428623,2.539999999999999,412.815,640.9250000000001,1.822,12
2024,Gujarat,Wheat,636.0,27.16,90.2,7.41,0.737,146.7,3.25,38.2285714285714,3.16,468.732,668.3820000000001,3.091,12
2024,Madhya Pradesh,Cotton,795.9,24.34,104.1,6.86,0.57,135.8,2.284,-51.74761904761897,0.3399999999999998,453.663,714.126,2.351,12
2024,Madhya Pradesh,Soybean,731.9,24.27,83.7,6.8,0.725,114.2,2.448,-115.74761904761895,0.2699999999999996,530.6274999999999,569.16,2.286,12
2024,Madhya Pradesh,Wheat,718.7,23.31,98.8,6.96,0.798,128.9,4.157,-128.9476190476189,0.6900000000000013,573.5226,687.648,3.811,12
2024,Maharashtra,Cotton,726.8,27.69,104.8,6.91,0.723,126.3,1.807,-83.07619047619062,3.690000000000001,525.4763999999999,724.168,2.212,12
2024,Maharashtra,Soybean,796.6,25.55,101.5,6.85,0.865,112.8,2.582,-13.27619047619055,1.5500000000000007,689.059,695.275,2.302,12
2024,Maharashtra,Wheat,741.3,25.46,87.1,6.72,0.75,135.8,3.787,-68.57619047619062,1.4600000000000009,555.9749999999999,585.3119999999999,3.87,12
2024,Punjab,Cotton,534.9,22.08,94.6,7.49,0.867,127.9,1.827,-71.10476190476197,1.9200000000000017,463.7583,708.554,2.197,12
2024,Punjab,Soybean,517.7,23.3,109.0,7.27,0.861,112.9,2.104,-88.3047619047619,0.6999999999999993,445.7397,792.43,2.136,12
2024,Punjab,Wheat,634.6,23.41,102.0,7.39,0.701,140.2,3.635,28.595238095238077,0.5899999999999999,444.8546,753.78,3.253,12
2025,Gujarat,Cotton,619.9,27.13,95.2,7.53,0.756,121.3,1.732,22.128571428571377,3.129999999999999,468.6444,716.856,1.625,13
2025,Gujarat,Soybean,630.1,25.97,111.0,7.75,0.737,101.2,2.418,32.32857142857142,1.9699999999999989,464.3837,860.25,1.819,13
2025,Gujarat,Wheat,474.1,25.2,101.2,8.11,0.857,137.3,3.377,-123.67142857142858,1.1999999999999993,406.3037,820.732,3.25,13
2025,Madhya Pradesh,Cotton,775.4,24.47,99.6,6.78,0.71,137.9,2.254,-72.24761904761897,0.4699999999999988,550.534,675.288,2.284,13
2025,Madhya Pradesh,Soybean,856.6,24.64,99.9,7.3,0.676,120.1,2.506,8.952380952381077,0.6400000000000006,579.0616,729.27,2.448,13
2025,Madhya Pradesh,Wheat,896.3,25.47,102.1,6.41,0.794,125.3,4.127,48.65238095238101,1.4699999999999989,711.6622,654.461,4.157,13
2025,Maharashtra,Cotton,794.3,25.18,86.0,7.28,0.707,128.1,2.205,-15.576190476190618,1.1799999999999995,561.5700999999999,626.08,1.807,13
2025,Maharashtra,Soybean,801.7,26.06,96.9,6.78,0.726,104.7,2.36,-8.176190476190527,2.0599999999999987,582.0342,656.9820000000001,2.582,13
2025,Maharashtra,Wheat,776.9,26.82,67.8,7.32,0.71,141.1,3.29,-32.976190476190595,2.8200000000000003,551.5989999999999,496.296,3.787,13
2025,Punjab,Cotton,688.1,22.34,97.1,6.66,0.855,117.3,2.285,82.09523809523807,1.66,588.3255,646.6859999999999,1.827,13
2025,Punjab,Soybean,568.5,23.79,114.5,6.89,0.942,123.6,2.302,-37.50476190476195,0.2100000000000008,535.5269999999999,788.905,2.104,13
2025,Punjab,Wheat,673.8,22.9,106.0,7.16,0.901,125.7,3.965,67.795238095238,1.1000000000000014,607.0938,758.96,3.635,13
