year,state,crop,annual_rainfall_mm,avg_temp_c,soil_n_mgkg,soil_ph,irrigation_index,area_ha,yield_t_ha
2012,Maharashtra,Soybean,812.3,25.39,96.2,7.18,0.704,103.4,2.171
2012,Maharashtra,Wheat,829.9,25.12,95.3,6.68,0.687,119.7,3.353
2012,Maharashtra,Cotton,667.9,25.05,82.9,6.88,0.656,102.1,1.922
2012,Madhya Pradesh,Soybean,835.3,24.05,85.6,6.56,0.688,96.9,2.063
2012,Madhya Pradesh,Wheat,811.0,23.77,92.2,7.16,0.679,110.6,3.656
2012,Madhya Pradesh,Cotton,770.6,24.17,81.3,6.37,0.694,117.2,1.909
2012,Punjab,Soybean,602.5,22.26,93.2,7.02,0.868,112.4,1.896
2012,Punjab,Wheat,495.4,22.76,101.9,7.03,0.943,125.2,3.177
2012,Punjab,Cotton,555.5,22.25,107.7,7.44,0.866,110.7,1.631
2012,Gujarat,Soybean,512.2,26.65,103.8,7.48,0.83,107.5,1.547
2012,Gujarat,Wheat,613.5,27.23,92.7,7.89,0.577,123.8,2.712
2012,Gujarat,Cotton,570.6,26.07,77.1,7.45,0.785,122.3,1.548
2013,Maharashtra,Soybean,758.2,25.14,98.3,6.88,0.683,109.6,2.044
2013,Maharashtra,Wheat,873.7,24.98,88.4,6.7,0.618,121.3,3.511
2013,Maharashtra,Cotton,811.1,25.35,79.7,6.69,0.696,107.5,1.85
2013,Madhya Pradesh,Soybean,907.0,25.55,98.4,6.76,0.675,92.6,2.01
2013,Madhya Pradesh,Wheat,884.6,26.01,95.5,6.78,0.678,111.0,3.53
2013,Madhya Pradesh,Cotton,929.6,24.67,,7.05,0.582,117.2,2.096
2013,Punjab,Soybean,576.3,22.09,105.8,7.07,0.791,106.5,1.73
2013,Punjab,Wheat,671.5,21.8,117.4,7.0,0.877,124.9,3.399
2013,Punjab,Cotton,655.5,23.59,92.1,7.25,0.918,118.6,1.833
2013,Gujarat,Soybean,534.9,26.46,95.4,7.56,0.784,101.3,1.68
2013,Gujarat,Wheat,639.8,25.47,107.9,7.62,0.677,123.8,3.274
2013,Gujarat,Cotton,671.9,26.97,86.4,7.74,0.789,118.9,1.838
2014,Maharashtra,Soybean,819.3,24.98,83.9,6.6,0.715,109.5,2.078
2014,Maharashtra,Wheat,889.0,25.59,102.6,6.73,0.91,124.7,3.7
2014,Maharashtra,Cotton,765.6,25.97,89.2,6.98,0.753,113.7,1.786
2014,Madhya Pradesh,Soybean,806.8,23.72,103.9,6.75,0.593,108.3,2.133
2014,Madhya Pradesh,Wheat,847.8,24.2,97.5,6.41,0.705,124.3,3.824
2014,Madhya Pradesh,Cotton,973.7,22.98,89.5,6.83,0.716,117.8,2.299
2014,Punjab,Soybean,702.3,23.49,112.6,7.36,0.878,112.4,2.131
2014,Punjab,Wheat,649.8,22.19,105.7,7.78,0.769,125.2,3.269
2014,Punjab,Cotton,634.6,23.45,105.5,6.93,0.85,119.0,1.891
2014,Gujarat,Soybean,659.3,26.12,87.8,8.04,0.804,92.9,1.911
2014,Gujarat,Wheat,602.2,26.76,86.7,7.47,0.795,126.4,2.87
2014,Gujarat,Cotton,623.5,25.7,87.8,7.94,0.788,105.4,1.874
2015,Maharashtra,Soybean,986.4,26.45,78.8,6.68,0.809,103.2,1.933
2015,Maharashtra,Wheat,898.9,24.88,90.5,5.99,0.648,119.8,3.472
2015,Maharashtra,Cotton,954.6,24.48,87.5,6.83,0.821,105.3,2.127
2015,Madhya Pradesh,Soybean,919.2,23.33,100.7,6.75,0.638,108.6,2.072
2015,Madhya Pradesh,Wheat,925.9,24.65,109.7,6.39,0.829,107.9,3.887
2015,Madhya Pradesh,Cotton,956.7,24.34,92.0,6.65,0.645,111.2,2.032
2015,Punjab,Soybean,701.7,22.07,112.2,7.28,0.957,112.6,2.072
2015,Punjab,Wheat,642.1,23.22,109.9,7.19,0.908,130.5,3.682
2015,Punjab,Cotton,714.1,22.46,103.3,7.47,0.958,121.1,2.179
2015,Gujarat,Soybean,659.9,26.67,90.5,7.58,0.751,108.8,1.881
2015,Gujarat,Wheat,605.3,27.79,85.0,7.2,0.841,127.1,2.763
2015,Gujarat,Cotton,699.3,26.11,85.8,7.52,0.713,122.2,1.781
2016,Maharashtra,Soybean,794.2,25.4,94.3,6.66,0.662,110.9,2.102
2016,Maharashtra,Wheat,814.9,25.28,92.9,6.44,0.621,117.7,3.562
2016,Maharashtra,Cotton,868.1,26.84,97.9,6.76,0.719,109.5,1.81
2016,Madhya Pradesh,Soybean,899.1,24.42,90.4,6.83,0.787,108.4,2.226
2016,Madhya Pradesh,Wheat,962.7,23.84,98.8,6.7,0.687,117.3,3.713
2016,Madhya Pradesh,Cotton,950.2,25.32,104.7,7.24,0.626,122.6,1.978
2016,Punjab,Soybean,820.2,22.01,98.3,7.05,0.751,105.5,2.006
2016,Punjab,Wheat,,22.93,120.0,7.44,0.86,116.4,3.928
2016,Punjab,Cotton,592.1,24.13,114.4,7.08,0.78,126.0,1.934
2016,Gujarat,Soybean,738.3,24.88,88.2,7.5,0.763,106.0,2.174
2016,Gujarat,Wheat,588.5,26.05,94.0,7.63,0.81,114.8,3.094
2016,Gujarat,Cotton,740.9,26.43,87.0,7.89,0.768,124.7,1.836
2017,Maharashtra,Soybean,967.4,27.1,89.0,7.04,0.765,119.8,1.754
2017,Maharashtra,Wheat,878.0,26.55,76.9,6.5,0.577,122.0,3.28
2017,Maharashtra,Cotton,931.1,25.76,104.0,6.45,0.601,117.2,1.97
2017,Madhya Pradesh,Soybean,901.3,22.55,96.3,6.37,0.727,112.8,2.047
2017,Madhya Pradesh,Wheat,870.1,23.35,96.5,6.94,0.611,127.4,3.654
2017,Madhya Pradesh,Cotton,851.9,24.11,88.7,6.56,0.596,131.4,1.986
2017,Punjab,Soybean,618.0,22.87,104.1,7.14,0.943,115.6,2.086
2017,Punjab,Wheat,626.0,22.48,86.6,6.82,0.996,135.4,3.556
2017,Punjab,Cotton,700.9,22.95,129.6,7.48,0.891,110.9,2.03
2017,Gujarat,Soybean,656.7,25.59,81.6,7.34,0.684,122.1,2.025
2017,Gujarat,Wheat,642.9,27.38,93.6,7.28,0.867,127.7,2.956
2017,Gujarat,Cotton,631.1,25.5,81.9,7.73,0.894,107.8,1.941
2018,Maharashtra,Soybean,765.9,25.35,86.3,6.58,0.723,105.5,2.144
2018,Maharashtra,Wheat,804.9,25.55,83.7,6.66,0.773,128.6,3.575
2018,Maharashtra,Cotton,814.6,26.34,77.6,6.94,0.674,122.7,1.751
2018,Madhya Pradesh,Soybean,760.9,22.94,97.4,6.76,0.617,115.8,1.962
2018,Madhya Pradesh,Wheat,873.9,23.27,91.8,6.71,0.62,122.4,3.809
2018,Madhya Pradesh,Cotton,840.7,24.91,88.0,6.83,0.781,101.4,1.984
2018,Punjab,Soybean,675.7,22.58,108.0,7.05,0.906,110.2,2.336
2018,Punjab,Wheat,654.7,23.01,101.7,7.08,0.87,127.8,3.723
2018,Punjab,Cotton,657.0,24.4,112.0,7.12,0.984,115.9,1.96
2018,Gujarat,Soybean,552.7,24.74,90.2,7.5,0.877,113.6,1.956
2018,Gujarat,Wheat,672.1,24.47,94.9,7.69,0.656,133.1,3.641
2018,Gujarat,Cotton,591.2,26.75,111.2,7.55,0.777,115.5,1.659
2019,Maharashtra,Soybean,831.2,25.1,91.6,6.68,0.754,114.7,2.327
2019,Maharashtra,Wheat,744.0,25.56,83.2,6.69,0.746,131.6,3.534
2019,Maharashtra,Cotton,833.7,26.86,94.3,7.27,0.666,111.1,1.643
2019,Madhya Pradesh,Soybean,944.4,24.8,96.6,6.77,0.601,129.5,2.167
2019,Madhya Pradesh,Wheat,854.3,24.86,100.8,6.76,0.625,129.6,3.995
2019,Madhya Pradesh,Cotton,934.6,25.55,92.9,6.45,0.671,120.2,2.087
2019,Punjab,Soybean,497.2,24.0,103.7,,0.829,100.8,2.004
2019,Punjab,Wheat,612.0,21.75,94.6,7.12,1.0,124.4,3.365
2019,Punjab,Cotton,591.2,22.56,83.4,7.19,0.884,124.7,2.051
2019,Gujarat,Soybean,660.4,26.06,84.1,8.14,0.764,112.4,1.979
2019,Gujarat,Wheat,600.1,26.16,88.4,7.36,0.758,122.5,3.198
2019,Gujarat,Cotton,594.1,26.08,105.0,6.84,0.836,128.6,1.657
2020,Maharashtra,Soybean,724.5,25.52,79.7,6.61,0.642,125.7,2.146
2020,Maharashtra,Wheat,829.4,26.4,82.0,6.67,0.754,118.9,3.599
2020,Maharashtra,Cotton,731.1,25.52,96.7,6.91,0.695,129.1,1.895
2020,Madhya Pradesh,Soybean,856.8,24.79,94.5,6.78,0.592,119.9,2.176
2020,Madhya Pradesh,Wheat,782.8,25.16,91.4,6.35,0.571,131.7,3.534
2020,Madhya Pradesh,Cotton,930.8,22.65,110.6,6.75,0.673,117.1,2.127
2020,Punjab,Soybean,574.3,23.7,105.9,7.24,0.875,113.0,2.177
2020,Punjab,Wheat,465.6,21.74,110.9,7.24,0.887,127.6,3.069
2020,Punjab,Cotton,541.7,22.2,106.6,6.96,0.929,109.0,1.967
2020,Gujarat,Soybean,587.5,26.52,100.9,7.92,0.831,100.5,1.8
2020,Gujarat,Wheat,516.1,26.34,97.1,7.32,0.773,122.2,2.996
2020,Gujarat,Cotton,465.3,25.58,82.2,7.26,0.834,114.3,1.858
2021,Maharashtra,Soybean,755.2,26.01,84.1,6.98,0.68,115.3,2.335
2021,Maharashtra,Wheat,716.8,26.78,85.4,6.79,0.844,124.2,3.632
2021,Maharashtra,Cotton,769.1,25.41,96.1,7.04,0.764,111.1,2.014
2021,Madhya Pradesh,Soybean,777.0,24.3,102.0,6.74,0.587,117.1,2.31
2021,Madhya Pradesh,Wheat,829.5,25.22,103.7,6.81,0.675,117.0,3.944
2021,Madhya Pradesh,Cotton,806.6,24.58,86.8,6.43,0.754,121.8,2.179
2021,Punjab,Soybean,554.9,22.88,112.5,7.07,0.907,111.2,2.092
2021,Punjab, Wheat ,533.0,23.04,101.2,7.51,0.837,127.3,3.416
2021,Punjab,Cotton,647.1,23.02,113.3,6.83,0.919,128.3,2.163
2021,Gujarat,Soybean,602.3,25.95,104.3,8.07,0.735,111.3,2.171
2021,Gujarat,Wheat,635.8,25.94,89.6,7.43,0.666,122.2,3.304
2021,Gujarat,Cotton,483.2,26.33,94.9,7.89,0.69,129.0,1.539
2022,Maharashtra,Soybean,707.8,26.44,82.0,6.9,0.732,118.9,2.048
2022,Maharashtra,Wheat,870.6,25.39,86.8,6.64,0.681,125.3,3.906
2022,Maharashtra,Cotton,803.3,25.44,84.3,6.92,0.681,127.6,2.046
2022,Madhya Pradesh,Soybean,682.4,25.64,111.4,6.55,0.653,117.5,2.219
2022,Madhya Pradesh,Wheat,823.8,26.01,95.6,6.5,0.583,124.7,3.635
2022,Madhya Pradesh,Cotton,897.6,23.99,98.8,6.7,0.763,140.9,2.142
2022,Punjab,Soybean,509.2,23.74,110.5,7.66,0.941,113.0,2.156
2022,Punjab,Wheat,613.0,23.56,109.1,7.47,0.982,139.5,4.063
2022,Punjab,Cotton,530.1,23.02,114.7,7.0,0.926,120.4,1.972
2022,Gujarat,Soybean,604.1,26.55,93.4,7.16,0.812,120.0,2.173
2022,Gujarat,Wheat,501.0,26.58,95.0,7.89,0.753,131.8,3.032
2022,Gujarat,Cotton,533.1,26.04,94.6,7.77,0.688,124.1,1.638
2023,Maharashtra,Soybean,790.6,24.72,86.5,6.89,0.83,116.1,2.302
2023,Maharashtra,Wheat,835.2,24.78,73.4,6.91,0.685,123.8,3.87
2023,Maharashtra,Cotton,728.7,25.49,80.8,7.02,0.766,123.6,2.212
2023,Madhya Pradesh,Soybean,713.3,23.22,91.5,6.69,0.697,114.9,2.286
2023,Madhya Pradesh,Wheat,701.5,25.6,96.3,6.98,0.704,134.2,3.811
2023,Madhya Pradesh,Cotton,812.0,24.95,107.6,6.75,0.73,123.7,2.351
2023,Punjab,Soybean,498.9,24.38,104.7,6.84,0.909,111.8,2.136
2023,Punjab,Wheat,500.5,22.58,89.9,7.09,0.73,119.9,3.253
2023,Punjab,Cotton,594.0,23.28,97.3,7.19,0.9,116.2,2.197
2023,Gujarat,Soybean,579.9,26.26,93.2,7.55,0.617,114.8,1.822
2023,Gujarat,Wheat,457.8,26.22,107.4,7.66,0.72,135.0,3.091
2023,Gujarat,Cotton,583.0,26.49,87.8,7.67,0.788,130.6,1.835
2024,Maharashtra,Soybean,796.6,25.55,101.5,6.85,0.865,112.8,2.582
2024,Maharashtra,Wheat,741.3,25.46,87.1,6.72,0.75,135.8,3.787
2024,Maharashtra,Cotton,726.8,27.69,104.8,6.91,0.723,126.3,1.807
2024,Madhya Pradesh,Soybean,731.9,24.27,83.7,6.8,0.725,114.2,2.448
2024,Madhya Pradesh,Wheat,718.7,23.31,98.8,6.96,0.798,128.9,4.157
2024,Madhya Pradesh,Cotton,795.9,24.34,104.1,6.86,0.57,135.8,2.284
2024,Punjab,Soybean,517.7,23.3,109.0,7.27,0.861,112.9,2.104
2024,Punjab,Wheat,634.6,23.41,102.0,7.39,0.701,140.2,3.635
2024,Punjab,Cotton,534.9,22.08,94.6,7.49,0.867,127.9,1.827
2024,Gujarat,Soybean,569.4,26.54,82.7,7.75,0.725,106.7,1.819
2024,Gujarat,Wheat,636.0,27.16,90.2,7.41,0.737,146.7,3.25
2024,Gujarat,Cotton,566.4,27.3,94.9,7.44,0.746,124.9,1.625
2025,Maharashtra,Soybean,801.7,26.06,96.9,6.78,0.726,104.7,2.36
2025,Maharashtra,Wheat,776.9,26.82,67.8,7.32,0.71,141.1,3.29
2025,Maharashtra,Cotton,794.3,25.18,86.0,7.28,0.707,128.1,2.205
2025,Madhya Pradesh,Soybean,856.6,24.64,99.9,7.3,0.676,120.1,2.506
2025,Madhya Pradesh,Wheat,896.3,25.47,102.1,6.41,0.794,125.3,4.127
2025,Madhya Pradesh,Cotton,775.4,24.47,99.6,6.78,0.71,137.9,2.254
2025,Punjab,Soybean,568.5,23.79,114.5,6.89,0.942,123.6,2.302
2025,Punjab,Wheat,673.8,22.9,106.0,7.16,0.901,125.7,3.965
2025,Punjab,Cotton,688.1,22.34,97.1,6.66,0.855,117.3,2.285
2025,Gujarat,Soybean,630.1,25.97,111.0,7.75,0.737,101.2,2.418
2025,Gujarat,Wheat,474.1,25.2,101.2,8.11,0.857,137.3,3.377
2025,Gujarat,Cotton,619.9,27.13,95.2,7.53,0.756,121.3,1.732
2021,Punjab, Wheat ,533.0,23.04,101.2,7.51,0.837,127.3,3.416
