mean_fit_time,std_fit_time,mean_score_time,std_score_time,param_model__max_depth,param_model__min_samples_leaf,param_model__n_estimators,params,split0_test_score,split1_test_score,split2_test_score,split3_test_score,split4_test_score,mean_test_score,std_test_score,rank_test_score,split0_train_score,split1_train_score,split2_train_score,split3_train_score,split4_train_score,mean_train_score,std_train_score
0.1459681510925293,0.008105207186920314,0.03924713134765625,0.00982230838862909,8,1,100,"{'model__max_depth': 8, 'model__min_samples_leaf': 1, 'model__n_estimators': 100}",-0.15034136363636372,-0.12799768181818183,-0.12706021503496476,-0.14773464364227584,-0.17037385174547695,-0.14470155117545264,0.016064309156578582,1,-0.060012272727272914,-0.04316861363636358,-0.04340450466200438,-0.04351273826325668,-0.04377794384277324,-0.04677521462633416,0.006621425038490495
0.29605588912963865,0.014864621370467911,0.06135601997375488,0.004749343101544831,8,1,200,"{'model__max_depth': 8, 'model__min_samples_leaf': 1, 'model__n_estimators': 200}",-0.15644500000000056,-0.12743971266233775,-0.1239217651237651,-0.14502211581502325,-0.17492909054956748,-0.14555153683013883,0.018856689464152955,2,-0.06101886363636435,-0.04342399972943782,-0.04304340760397126,-0.042169329115615856,-0.043876553305062446,-0.04670643067809035,0.0071781797789394
0.28130807876586916,0.0044977378265474224,0.049220943450927736,0.009208087036922214,6,1,200,"{'model__max_depth': 6, 'model__min_samples_leaf': 1, 'model__n_estimators': 200}",-0.15704331060606116,-0.12880606674575448,-0.1220731308325898,-0.14482806332418033,-0.17725762871918904,-0.14600164004555496,0.019841844134645417,3,-0.061131814393940116,-0.043645929207472345,-0.04583360482641802,-0.044557119420268895,-0.048114363879400227,-0.04865656634549992,0.006415712879241714
0.25681452751159667,0.011251240570072134,0.055475616455078126,0.0032882918392462155,,1,200,"{'model__max_depth': None, 'model__min_samples_leaf': 1, 'model__n_estimators': 200}",-0.15644500000000047,-0.128825,-0.12595636363636367,-0.14402454545454585,-0.17666568181818268,-0.14638331818181852,0.018704960874432786,4,-0.06101886363636432,-0.04319136363636443,-0.04300515151515287,-0.04037948863636431,-0.043268636363636516,-0.046172700757576485,0.007501002441574099
0.13503193855285645,0.011457903335837199,0.03457760810852051,0.0061208690380327845,,1,100,"{'model__max_depth': None, 'model__min_samples_leaf': 1, 'model__n_estimators': 100}",-0.15034136363636358,-0.1288090909090908,-0.13205727272727225,-0.14486499999999977,-0.17588681818181826,-0.14639190909090893,0.01674823333818877,5,-0.06001227272727294,-0.04231954545454544,-0.042890151515151215,-0.04084124999999974,-0.043041454545454376,-0.04582093484848475,0.007138151880844647
0.16481552124023438,0.011635483522516615,0.038089847564697264,0.004430576659719369,6,1,100,"{'model__max_depth': 6, 'model__min_samples_leaf': 1, 'model__n_estimators': 100}",-0.15000730303030313,-0.13020584906759877,-0.12873179620365038,-0.14683975375857433,-0.17663076132598737,-0.1464830926772228,0.017329087550792294,6,-0.06002609090909117,-0.04275902745612961,-0.0460454637533832,-0.04487823060751244,-0.04749283906746762,-0.04824033035871681,0.006093090031230818
0.28278474807739257,0.024013590436391438,0.060292959213256836,0.0025107399141416527,4,1,200,"{'model__max_depth': 4, 'model__min_samples_leaf': 1, 'model__n_estimators': 200}",-0.15710552478519002,-0.1260036131743174,-0.1217312480117896,-0.14281415651355478,-0.18487828519263463,-0.1465065655354973,0.02294579745806739,7,-0.06206625264823637,-0.050879022337598515,-0.05481894873126842,-0.05699804532103945,-0.06587631027082218,-0.05812771586179298,0.005297554918944989
0.1502690315246582,0.006095055768927272,0.04194307327270508,0.012628559417332154,4,1,100,"{'model__max_depth': 4, 'model__min_samples_leaf': 1, 'model__n_estimators': 100}",-0.15226083979404406,-0.12638870663750235,-0.12947667533123416,-0.1435302624104665,-0.18393480488788203,-0.14711825781222582,0.02066745133467544,8,-0.06180045208579315,-0.05071388790676768,-0.055887811303721925,-0.05777207102465891,-0.06583620298170449,-0.05840208506052923,0.005150570325488451
0.2946956157684326,0.06055343291120772,0.09365782737731934,0.07829665001745409,6,2,200,"{'model__max_depth': 6, 'model__min_samples_leaf': 2, 'model__n_estimators': 200}",-0.16213463483044716,-0.12702426748819343,-0.12358643602919268,-0.14580413408053802,-0.17951524997378368,-0.147612944480431,0.021133268134029024,9,-0.07929203120490587,-0.052169125467335646,-0.050322404953279616,-0.04831134835595894,-0.05207099254257595,-0.0564331805048112,0.011515586305568948
0.24627480506896973,0.017803344412498392,0.054576969146728514,0.0022482523081105606,,2,200,"{'model__max_depth': None, 'model__min_samples_leaf': 2, 'model__n_estimators': 200}",-0.16213463483044707,-0.12816682253541908,-0.12495408062770562,-0.14744952289944896,-0.17835487441788045,-0.14821198706218025,0.020227476180862538,10,-0.0792920312049059,-0.05170113254296213,-0.0486112236542918,-0.046280291547782786,-0.04898985722484589,-0.0549749072349577,0.012279688539941264
0.2643574714660645,0.0032384495161743615,0.06267404556274414,0.007946860001274416,8,2,200,"{'model__max_depth': 8, 'model__min_samples_leaf': 2, 'model__n_estimators': 200}",-0.16213463483044716,-0.12816682253541917,-0.12474470459464783,-0.14770933127856972,-0.17860345448426013,-0.1482717895446688,0.020348160415205516,11,-0.07929203120490594,-0.05170113254296214,-0.04867952894748348,-0.04668524567068015,-0.049289227560737635,-0.05512943318535386,0.012186861429814932
0.28646125793457033,0.013775455448756536,0.0655789852142334,0.0049185338492411575,4,2,200,"{'model__max_depth': 4, 'model__min_samples_leaf': 2, 'model__n_estimators': 200}",-0.16172273764430004,-0.12699803422977093,-0.12273743933541287,-0.14589774717464205,-0.1855788595739534,-0.14858696359161586,0.023162299490902576,12,-0.07914062590187565,-0.05608962320456787,-0.058392536304445665,-0.05784148342970396,-0.06636296363515322,-0.06356544649514927,0.008553630838281437
0.15528464317321777,0.007087679710926469,0.04184823036193848,0.00211181035533628,4,2,100,"{'model__max_depth': 4, 'model__min_samples_leaf': 2, 'model__n_estimators': 100}",-0.160218490981241,-0.12594419782839003,-0.12872006562406632,-0.1488679788660631,-0.18555091678492863,-0.14986033001693783,0.021913404120186986,13,-0.07764097330447303,-0.056330706809920056,-0.05959292838848427,-0.05837468853288596,-0.06626303505689078,-0.06364046641853081,0.007751588555999622
0.13096075057983397,0.007855302828214165,0.03541436195373535,0.011253541027195859,6,2,100,"{'model__max_depth': 6, 'model__min_samples_leaf': 2, 'model__n_estimators': 100}",-0.16027085894660897,-0.13177477482618385,-0.12891898201419785,-0.14991226995142182,-0.17853968304638038,-0.14988331375695857,0.018420161899439715,14,-0.07765002633477619,-0.051592675177095766,-0.05118987788558234,-0.0487619738333497,-0.052238788307612936,-0.056286668307683384,0.010746257671744275
0.14063801765441894,0.012099226305978938,0.03597679138183594,0.009548676564116792,,2,100,"{'model__max_depth': None, 'model__min_samples_leaf': 2, 'model__n_estimators': 100}",-0.1602708589466089,-0.1324879984258164,-0.13010018290043315,-0.15094904779942295,-0.17666186327561337,-0.15009399026957898,0.017434878476380443,15,-0.0776500263347762,-0.05149526382329794,-0.04976191784730421,-0.04590444115259739,-0.0485122879870131,-0.05466478742899776,0.01163616890427394
0.15874581336975097,0.011114148470439275,0.04261183738708496,0.006991891635542399,8,2,100,"{'model__max_depth': 8, 'model__min_samples_leaf': 2, 'model__n_estimators': 100}",-0.16027085894660906,-0.13248799842581657,-0.12937300954348693,-0.15184471660410306,-0.17714547277722292,-0.1502244112594477,0.017763228014693686,16,-0.07765002633477623,-0.05149526382329805,-0.049639467510603864,-0.046634857287914125,-0.04868139203353847,-0.054820201398026146,0.011521987317691749
0.2475431442260742,0.0158689034650864,0.05830855369567871,0.004949769102427578,8,4,200,"{'model__max_depth': 8, 'model__min_samples_leaf': 4, 'model__n_estimators': 200}",-0.2049074926340743,-0.15344988718446972,-0.12434150690794783,-0.14410018142895764,-0.19167918486469304,-0.1636956506040285,0.030063934604504853,17,-0.12869037124825533,-0.09423266556076491,-0.07364831180453428,-0.06720382314495618,-0.06833579757103793,-0.08642219386590973,0.02326902599741834
0.25526819229125974,0.01548379492867995,0.05583038330078125,0.014459089298701992,,4,200,"{'model__max_depth': None, 'model__min_samples_leaf': 4, 'model__n_estimators': 200}",-0.20490749263407404,-0.1534498871844697,-0.12434150690794804,-0.14410018142895756,-0.1916791848646933,-0.16369565060402852,0.030063934604504787,18,-0.12869037124825528,-0.09423266556076491,-0.07364831180453425,-0.0672038231449562,-0.06833872354506385,-0.0864227790607149,0.02326857116601767
0.15354862213134765,0.006676520266616104,0.03934612274169922,0.004615301589280988,4,4,100,"{'model__max_depth': 4, 'model__min_samples_leaf': 4, 'model__n_estimators': 100}",-0.20949663832632012,-0.151019422721218,-0.12033642378803927,-0.14827886644679408,-0.18942956709315492,-0.16371218367510526,0.03174381862556155,19,-0.1353621992338467,-0.09502233531115345,-0.07569899340603016,-0.0715248663337789,-0.07556169337593711,-0.09063401753214927,0.02381284162761539
0.13690710067749023,0.0062942999220120645,0.03922109603881836,0.006388434943605336,8,4,100,"{'model__max_depth': 8, 'model__min_samples_leaf': 4, 'model__n_estimators': 100}",-0.20949663832632,-0.1509435985870187,-0.124262263811946,-0.14765844875200554,-0.1863798085721096,-0.16374815160987996,0.030288896926303925,20,-0.13536219923384663,-0.0949124763191354,-0.07400384606597106,-0.06775575998811778,-0.06862035929887841,-0.08813092818118987,0.025581894325848255
